loan_id,snapshot_date,balance,arrears,days_past_due,account_status_l2,risk_category,age_band,gender,avg_monthly_income_band,product_name
reczBz8xkJQyCR2Q6,2025-12-30,187939.0,187939.0,543,PAR 30,Critical,26-35,Female,Unknown,Apple-iPhone-13-Pro-Max-256GB
recaMBhgYku6KByZP,2025-12-30,183459.0,17199.0,3,FPD,Medium,36-45,Male,150K+,Apple-iPhone-15-Pro-Max-256GB
rec2p69IR8oBuxTy7,2025-12-30,182439.0,63159.0,63,Return,Returned,Unknown,,Unknown,Samsung-Galaxy-S24-Ultra-512GB
rec9LGtrmZ5wDeXLE,2025-12-30,182439.0,60319.0,62,Return,Returned,Unknown,,Unknown,Samsung-Galaxy-S24-Ultra-512GB
recKNWKM6KfQX9qfQ,2025-12-30,179839.0,83279.0,123,Return,Critical,Unknown,,Unknown,Samsung-Galaxy-S24-Ultra-256GB
recKsT5luTMBXZeNX,2025-12-30,179489.0,14349.0,27,Return,Returned,36-45,Female,20K-30K,Apple-iPhone-15-Pro-Max-256GB
recIOrn7EOECUUH7p,2025-12-30,179289.0,42579.0,20,Return,Returned,Unknown,,Unknown,Apple-iPhone-15-Pro-256GB
recbhIHJSNOLI4s14,2025-12-30,179189.0,42479.0,17,Return,Returned,Unknown,,Unknown,Apple-iPhone-15-Pro-256GB
recjIlGgFRy7mtlNo,2025-12-30,176359.0,176359.0,630,FMD,Critical,Unknown,,Unknown,Apple-iPhone-12-Pro-Max-256GB
recYldYDybGIgtmWi,2025-12-30,172179.0,62299.0,75,Return,Returned,Unknown,,Unknown,Apple-iPhone-14-Pro-Max-512GB
recUBWbbSVWypFKv3,2025-12-30,171409.0,92819.0,154,Return,Critical,Unknown,,Unknown,Samsung-Galaxy-S23-Ultra-256GB
recNmMvLr15Adrlnl,2025-12-30,171409.0,106369.0,195,Return,Critical,Unknown,,Unknown,Samsung-Galaxy-S23-Ultra-256GB
recXAOXrZrZZAHnDb,2025-12-30,171399.0,171399.0,538,FPD,Critical,Unknown,,Unknown,Samsung-Galaxy-S23-Ultra-256GB
rec84l2W5Sdei8FvE,2025-12-30,168710.0,3570.0,0,Active,Low,36-45,,50K-100K,Apple-iPhone-15-Pro-Max-256GB
recsZmwOobEWt9PRL,2025-12-30,168350.0,168350.0,788,PAR 30,Critical,Unknown,,Unknown,Apple-iPhone-12-Pro-Max-128GB
recItD16hutTUG25o,2025-12-30,167090.0,157220.0,333,FPD,Critical,18-25,Male,50K-100K,Samsung-Galaxy-S24-Ultra-256GB
rec5vPagTk8IH2Qo2,2025-12-30,166954.0,166954.0,579,FMD,Critical,Unknown,,Unknown,Apple-iPhone-13-Pro-256GB
recjsqsQaocMH5Zba,2025-12-30,166579.0,166579.0,444,FPD,Critical,Unknown,,Unknown,Samsung-Galaxy-S23-Ultra-256GB
recACWhR5FXLIzeUb,2025-12-30,166389.0,57609.0,63,Return,Returned,Unknown,,Unknown,Apple-iPhone-14-Pro-Max-256GB
recAYgkJQtKZusb26,2025-12-30,163000.0,3260.0,0,Active,Low,36-45,Male,100K-150K,Apple-iPhone-15-Pro-Max-256GB
recysfZ3x70nO4QTw,2025-12-30,163000.0,3260.0,0,Active,Low,36-45,Female,150K+,Apple-iPhone-15-Pro-Max-256GB
recrQbY5NvPAqZmpE,2025-12-30,159749.0,71999.0,85,Return,Returned,26-35,,150K+,Samsung-Galaxy-S24-Ultra-256GB
recjiFodGqffCLSIW,2025-12-30,159749.0,69749.0,83,Return,Returned,26-35,Female,100K-150K,Samsung-Galaxy-S24-Ultra-256GB
recxM0Aah6eAmM6in,2025-12-30,159630.0,97030.0,210,FPD,Critical,26-35,Male,100K-150K,Samsung-Galaxy-S24-Ultra-256GB
recpgz3s2aJf8qjMR,2025-12-30,159630.0,68860.0,151,FPD,Critical,26-35,Male,150K+,Samsung-Galaxy-S24-Ultra-256GB
reck3CiyinGLAYFDX,2025-12-30,159630.0,97030.0,210,FPD,Critical,26-35,Male,150K+,Samsung-Galaxy-S24-Ultra-256GB
recZSx4mJbiA4dxUR,2025-12-30,159630.0,97030.0,215,FPD,Critical,26-35,Male,150K+,Samsung-Galaxy-S24-Ultra-256GB
rechmA2F3iAvJYOOy,2025-12-30,159630.0,43820.0,96,FPD,Critical,18-25,Male,50K-100K,Samsung-Galaxy-S24-Ultra-512GB
recwrpgCmSNF4neZp,2025-12-30,159630.0,75120.0,166,FPD,Critical,18-25,Male,150K+,Samsung-Galaxy-S24-Ultra-256GB
recRGJhMAAQbIPGM4,2025-12-30,157889.0,0.0,0,Active,Low,Unknown,,Unknown,Apple-iPhone-15-Pro-Max-256GB
recZdOf3Nv2s4d1NH,2025-12-30,157519.0,157519.0,496,FPD,Critical,Unknown,,Unknown,Samsung-Galaxy-S23-Ultra-256GB
recTep3oCFgxBmOdE,2025-12-30,157139.0,157139.0,543,Return,Critical,Unknown,,Unknown,Samsung-Galaxy-S22-Ultra-256GB
recis5kj5lcsCZI2F,2025-12-30,156759.0,0.0,0,Active,Low,Unknown,,Unknown,Apple-iPhone-15-Pro-Max-256GB
recLWWetoHVK0G9AD,2025-12-30,156530.0,87670.0,197,FPD,Critical,26-35,Male,150K+,Samsung-Galaxy-S24-Ultra-256GB
recXeL5t59gedlOqp,2025-12-30,156479.0,0.0,0,Active,Low,Unknown,,Unknown,Apple-iPhone-15-Pro-Max-256GB
recLSsXNgnkIMwAaX,2025-12-30,153410.0,153410.0,833,PAR 30,Critical,26-35,Male,Unknown,Apple-iPhone-12-Pro-Max-128GB
recfayRJD9J0j4qDb,2025-12-30,153369.0,65729.0,141,FMD,Critical,Unknown,,Unknown,Samsung-Galaxy-S24-Ultra-256GB
rec8maphGVZWaJ5xf,2025-12-30,153369.0,90769.0,200,FMD,Critical,Unknown,,Unknown,Samsung-Galaxy-S24-Ultra-256GB
recMamTrrNCXK9xyj,2025-12-30,152490.0,152490.0,445,FPD,Critical,Unknown,,Unknown,Samsung-Galaxy-S23-Ultra-256GB
rec0eXvE3PbzEea8R,2025-12-30,151859.0,0.0,0,Active,Low,26-35,Male,30K-50K,Apple-iPhone-15-Pro-Max-256GB
rece2S8UEc4CpT4Bl,2025-12-30,150050.0,150050.0,867,Return,Critical,Unknown,,Unknown,Apple-iPhone-13-Pro-Max-128GB
recezEpnEHhCoBSoq,2025-12-30,149499.0,149499.0,607,Return,Critical,36-45,,150K+,Apple-iPhone-13-Pro-Max-256GB
recNutyZwclEkFDgV,2025-12-30,148920.0,125560.0,297,FPD,Critical,26-35,Male,100K-150K,Samsung-Galaxy-S24-Ultra-256GB
recDmLNlUOYNuS1co,2025-12-30,148195.0,96685.0,222,FMD,Critical,26-35,Male,30K-50K,Samsung-Galaxy-S24-Ultra-256GB
recbYn8hobBH1q4Av,2025-12-30,147759.0,147759.0,507,FPD,Critical,Unknown,,Unknown,Samsung-Galaxy-S22-Ultra-256GB
recIIXnkk9drPVdiV,2025-12-30,147549.0,89729.0,77,Return,Returned,Unknown,,Unknown,Samsung-Galaxy-S24-Ultra-256GB
recvafUXBocRWXluX,2025-12-30,147110.0,93900.0,203,PAR 30,Critical,26-35,Female,150K+,Samsung-Galaxy-S24-Ultra-256GB
recN464Nw4oUCgFOY,2025-12-30,146490.0,146490.0,417,Return,Critical,Unknown,,Unknown,Samsung-Galaxy-S23-Ultra-256GB
recOk2Izd4rNlWIwH,2025-12-30,144840.0,42600.0,103,FPD,Critical,26-35,Female,20K-30K,Samsung-Galaxy-S24-Ultra-256GB
recFh80fiu659U15I,2025-12-30,144840.0,36920.0,89,FPD,High,26-35,Male,Unknown,Samsung-Galaxy-S24-Ultra-256GB
recsCDxSoYRak2eoL,2025-12-30,144840.0,42600.0,101,FPD,Critical,26-35,Female,30K-50K,Samsung-Galaxy-S24-Ultra-256GB
rec31a0enz8TybJVz,2025-12-30,144840.0,36920.0,90,FPD,Critical,46-55,Male,Unknown,Samsung-Galaxy-S24-Ultra-256GB
recIovYLoWyuFb7uR,2025-12-30,143769.0,66589.0,123,Return,Critical,Unknown,,Unknown,Apple-iPhone-13-Pro-256GB
reckaFuJp9xpRU1oK,2025-12-30,142770.0,5850.0,7,Inactive,Medium,26-35,Female,Unknown,Apple-iPhone-15-Pro-Max-256GB
recNo5nbkjFzkN34L,2025-12-30,142619.0,51599.0,74,Return,Returned,Unknown,,Unknown,Apple-iPhone-13-Pro-Max-256GB
recsivuYhNJCotXNz,2025-12-30,141859.0,141859.0,545,Return,Critical,Unknown,,Unknown,Samsung-Galaxy-S22-Ultra-256GB
recNcDVqmTaQhhuwl,2025-12-30,139559.0,13079.0,3,FPD,Medium,26-35,,100K-150K,Samsung-Galaxy-S24-Ultra-256GB
reciFDEISTmijG5U8,2025-12-30,139559.0,15559.0,7,FPD,Medium,Unknown,,Unknown,Samsung-Galaxy-S24-Ultra-256GB
recBw4E7Buo5PfBfy,2025-12-30,139000.0,139000.0,915,PAR 30,Critical,Unknown,,Unknown,Apple-iPhone-13-128GB
recAL2gmzEbWIzHNd,2025-12-30,138919.0,109239.0,263,Return,Critical,Unknown,,Unknown,Samsung-Galaxy-S22-Ultra-256GB
rec3Fx56m2PKdIt1L,2025-12-30,138759.0,50199.0,70,Return,Returned,Unknown,,Unknown,Apple-iPhone-14-Pro-256GB
recEsoQbPbS7MGySu,2025-12-30,138210.0,73170.0,185,FPD,Critical,26-35,Male,150K+,Samsung-Galaxy-S23-Ultra-256GB
recLFLx9VkCTK0ilN,2025-12-30,138210.0,73170.0,187,FPD,Critical,26-35,Female,50K-100K,Samsung-Galaxy-S23-Ultra-256GB
recPhmwmUXbVzpQnY,2025-12-30,137700.0,137700.0,497,FPD,Critical,Unknown,,Unknown,Samsung-Galaxy-S23-Ultra-256GB
recVbAIk0NMF8lzi1,2025-12-30,137700.0,137700.0,505,FPD,Critical,Unknown,,Unknown,Samsung-Galaxy-S23-Ultra-256GB
recgxtWWn99K6oI6J,2025-12-30,137700.0,171399.0,500,Return,Critical,Unknown,,Unknown,Samsung-Galaxy-S23-Ultra-256GB
recpcxvBCWWjBZ4RQ,2025-12-30,137700.0,137700.0,511,FPD,Critical,Unknown,,Unknown,Samsung-Galaxy-S23-Ultra-256GB
recFDzGyhwyplAAxQ,2025-12-30,137700.0,171399.0,502,Return,Critical,Unknown,,Unknown,Samsung-Galaxy-S23-Ultra-256GB
recsRGebbe7JrVAN5,2025-12-30,137690.0,137690.0,535,FPD,Critical,Unknown,,Unknown,Samsung-Galaxy-S23-Ultra-256GB
recelSPhdDbYt4VnR,2025-12-30,137240.0,128480.0,307,PAR 30,Critical,36-45,Male,150K+,Samsung-Galaxy-S24-Ultra-256GB
recRSow2zIIOfderS,2025-12-30,137200.0,137200.0,853,Return,Critical,Unknown,,Unknown,Apple-iPhone-11-Pro-Max-256GB
rec7JogZwNOQTL6Pm,2025-12-30,137159.0,126359.0,299,Return,Critical,Unknown,,Unknown,Samsung-Galaxy-S22-Ultra-256GB
recAo04cPCh7dYBcM,2025-12-30,136710.0,50220.0,123,Return,Critical,26-35,Male,10K-20K,Apple-iPhone-14-Pro-Max-256GB
recJA03AMHO9984By,2025-12-30,136500.0,0.0,0,Active,Low,36-45,Female,150K+,Apple-iPhone-15-Pro-256GB
rec4gEADfdgWP5SLB,2025-12-30,136170.0,136170.0,377,FPD,Critical,Unknown,Female,50K-100K,Samsung-Galaxy-S23-Ultra-256GB
recwuzvsfRKM1yEae,2025-12-30,135150.0,124550.0,327,FPD,Critical,26-35,Male,10K-20K,Samsung-Galaxy-S23-Ultra-256GB
rec5WZuwrQwHiTIXg,2025-12-30,134929.0,85939.0,202,Return,Critical,Unknown,,Unknown,Apple-iPhone-12-Pro-Max-256GB
recvvEMIGKA5gfaSx,2025-12-30,134829.0,75189.0,162,Return,Critical,Unknown,,150K+,Samsung-Galaxy-S22-Ultra-256GB
recwanM5b0yvixIeD,2025-12-30,134690.0,134690.0,568,FMD,Critical,Unknown,,Unknown,Samsung-Galaxy-S23-Ultra-256GB
rec3YvSesTZoXgTtC,2025-12-30,134640.0,81840.0,211,FPD,Critical,36-45,Female,100K-150K,Samsung-Galaxy-S23-Ultra-256GB
reccz3v5jXXzV1Zc8,2025-12-30,133110.0,26100.0,66,FPD,High,36-45,Male,150K+,Samsung-Galaxy-S24-Ultra-256GB
recZdFMwXbG1AeW1b,2025-12-30,133110.0,20880.0,50,FPD,High,26-35,Male,30K-50K,Samsung-Galaxy-S24-Ultra-256GB
recxbgtyGwLR7n46b,2025-12-30,133110.0,26100.0,63,FPD,High,26-35,Male,150K+,Samsung-Galaxy-S24-Ultra-256GB
recVhOUYyiIPLFfaw,2025-12-30,133059.0,133059.0,521,Return,Critical,Unknown,,Unknown,Samsung-Galaxy-S22-Ultra-128GB
recTSDHEIrO5jQ4IA,2025-12-30,132840.0,24920.0,58,Return,Returned,26-35,,150K+,Samsung-Galaxy-S24-Ultra-256GB
recqC9A0qql3gmIIF,2025-12-30,132700.0,132700.0,493,Return,Critical,Unknown,,Unknown,Samsung-Galaxy-S23-Ultra-256GB
recyoqpfXs3eotSXX,2025-12-30,132500.0,121900.0,317,Return,Critical,36-45,,30K-50K,Samsung-Galaxy-S23-Ultra-256GB
recenpR4KKVLfrbKz,2025-12-30,132419.0,38579.0,96,FMD,Critical,Unknown,,Unknown,Apple-iPhone-14-Pro-Max-256GB
rec1kPwTQjTna0Odw,2025-12-30,132389.0,67349.0,169,Return,Critical,26-35,Male,Unknown,Samsung-Galaxy-S23-Ultra-256GB
rectHy0GvDDmVflz3,2025-12-30,131070.0,0.0,0,Active,Low,36-45,Female,20K-30K,Apple-iPhone-14-Pro-Max-256GB
reckZnnoRMu7RJ5kU,2025-12-30,131070.0,131070.0,534,FPD,Critical,Unknown,,Unknown,Samsung-Galaxy-S22-Ultra-256GB
recSekTOZTEfHHwcg,2025-12-30,131070.0,131070.0,532,FPD,Critical,Unknown,,Unknown,Samsung-Galaxy-S22-Ultra-256GB
rechecfTc4Idc9hpF,2025-12-30,131070.0,87380.0,236,FPD,Critical,36-45,,50K-100K,Samsung-Galaxy-S23-Ultra-256GB
recuRevtkINwC2BOr,2025-12-30,131070.0,131070.0,522,FPD,Critical,Unknown,,Unknown,Samsung-Galaxy-S22-Ultra-256GB
recYFY8g5nzz4yDpL,2025-12-30,131070.0,157139.0,518,Return,Critical,Unknown,,Unknown,Samsung-Galaxy-S22-Ultra-256GB
rec4VfBTBAIjH1Pgy,2025-12-30,131070.0,87380.0,234,Return,Critical,26-35,Male,100K-150K,Samsung-Galaxy-S23-Ultra-256GB
recnZ2QPtu4rFpDPT,2025-12-30,131070.0,0.0,0,Active,Low,26-35,Male,150K+,Apple-iPhone-14-Pro-Max-256GB
recFscBazPDadJpAH,2025-12-30,131070.0,89950.0,243,FPD,Critical,26-35,Male,100K-150K,Samsung-Galaxy-S23-Ultra-256GB
recZAUayeTojEsJks,2025-12-30,131040.0,2730.0,0,Active,Low,36-45,Female,100K-150K,Apple-iPhone-14-Pro-Max-256GB
recsy5VzLr8qjIb2Q,2025-12-30,131040.0,0.0,0,Active,Low,26-35,Male,100K-150K,Apple-iPhone-14-Pro-Max-256GB
reczsCoW2WTlARCSb,2025-12-30,130849.0,45649.0,12,Return,Returned,Unknown,,Unknown,Samsung-Galaxy-S24-Ultra-256GB
rec6rB6p40Hb4r5U6,2025-12-30,130810.0,21190.0,62,FPD,High,26-35,Male,100K-150K,Samsung-Galaxy-S24-Ultra-256GB
recx3g9XKNdTEfquh,2025-12-30,130489.0,116749.0,319,Return,Critical,Unknown,,Unknown,Apple-iPhone-13-Pro-128GB
receH3ihZF9oUMteC,2025-12-30,130199.0,130199.0,388,Return,Critical,Unknown,,Unknown,Samsung-Galaxy-S22-Ultra-128GB
recUXiG3YQrHJOJ5B,2025-12-30,130110.0,54990.0,123,PAR 30,Critical,36-45,Male,150K+,Samsung-Galaxy-S24-Ultra-256GB
rec35z9HgE3M0e2YH,2025-12-30,130050.0,130050.0,363,PAR 30,Critical,Unknown,Male,Unknown,Samsung-Galaxy-S23-Ultra-256GB
recNjuU7XIgJxjMhZ,2025-12-30,130000.0,130000.0,587,PAR 30,Critical,Unknown,,Unknown,Apple-iPhone-13-Pro-Max-256GB
reclDxg8P0FkKVYq7,2025-12-30,129600.0,129600.0,498,FMD,Critical,26-35,,Unknown,Samsung-Galaxy-S23-Ultra-256GB
recO27HT8rwroRO1t,2025-12-30,129540.0,129540.0,477,FPD,Critical,Unknown,,Unknown,Samsung-Galaxy-S23-Ultra-256GB
rec0NmYfK2YqnD7T6,2025-12-30,129540.0,129540.0,477,FPD,Critical,Unknown,,Unknown,Samsung-Galaxy-S23-Ultra-256GB
recoGLmNrQOWjtVcu,2025-12-30,129540.0,129540.0,478,FPD,Critical,Unknown,,Unknown,Samsung-Galaxy-S22-Ultra-256GB
recfQFVz94sxJsEPS,2025-12-30,129540.0,129540.0,480,FPD,Critical,Unknown,,Unknown,Samsung-Galaxy-S23-Ultra-256GB
recjQfKwuaSxZoUIy,2025-12-30,129540.0,129540.0,479,FPD,Critical,Unknown,,Unknown,Samsung-Galaxy-S22-Ultra-256GB
recktwLDsrsrGpUcf,2025-12-30,129540.0,148379.0,479,Return,Critical,Unknown,,Unknown,Samsung-Galaxy-S23-Ultra-256GB
recAtU3Xy4S27KeIT,2025-12-30,129540.0,129540.0,479,FPD,Critical,Unknown,,Unknown,Samsung-Galaxy-S22-Ultra-256GB
recHuWtSAUbMLPwlT,2025-12-30,129540.0,129540.0,480,FPD,Critical,Unknown,,Unknown,Samsung-Galaxy-S22-Ultra-256GB
reczCMwttCOxXOwW3,2025-12-30,129540.0,129540.0,479,FPD,Critical,Unknown,,Unknown,Samsung-Galaxy-S23-Ultra-256GB
rec1kM6Tdk3rNCjBe,2025-12-30,129540.0,129540.0,479,FPD,Critical,Unknown,,Unknown,Samsung-Galaxy-S23-Ultra-256GB
recmF6w6PUHVKn4or,2025-12-30,129540.0,129540.0,479,FPD,Critical,Unknown,,Unknown,Samsung-Galaxy-S22-Ultra-256GB
recSl3jNxPClKPB1e,2025-12-30,129540.0,129540.0,480,FPD,Critical,Unknown,,Unknown,Samsung-Galaxy-S23-Ultra-256GB
rec1zwh0pr45UMEl1,2025-12-30,129540.0,129540.0,479,FPD,Critical,Unknown,,Unknown,Samsung-Galaxy-S22-Ultra-256GB
recKaV0av8AYiOEFO,2025-12-30,129540.0,129540.0,480,FPD,Critical,Unknown,,Unknown,Samsung-Galaxy-S23-Ultra-256GB
reckjHRgl1bksp5r9,2025-12-30,129540.0,129540.0,480,FPD,Critical,Unknown,,Unknown,Samsung-Galaxy-S23-Ultra-256GB
recB0zdW0S7Zyagbs,2025-12-30,129540.0,129540.0,481,FPD,Critical,Unknown,,Unknown,Samsung-Galaxy-S23-Ultra-256GB
recbyJVIYKUSSfuq5,2025-12-30,129540.0,129540.0,479,FPD,Critical,Unknown,,Unknown,Samsung-Galaxy-S23-Ultra-256GB
recwcXgp2092JizYR,2025-12-30,129540.0,129540.0,480,FPD,Critical,Unknown,,Unknown,Samsung-Galaxy-S23-Ultra-256GB
recW9OptCz8KAtvXO,2025-12-30,129480.0,129480.0,611,FMD,Critical,Unknown,,Unknown,Apple-iPhone-12-Pro-128GB
recH1vmrJdjUDp7Tq,2025-12-30,129440.0,129440.0,486,FPD,Critical,Unknown,,Unknown,Samsung-Galaxy-S22-Ultra-256GB
recp9CQIU3htely25,2025-12-30,129440.0,129440.0,482,FPD,Critical,Unknown,,Unknown,Samsung-Galaxy-S23-Ultra-256GB
recdwycfOoVvqxwRF,2025-12-30,129440.0,129440.0,481,FPD,Critical,Unknown,,Unknown,Samsung-Galaxy-S23-Ultra-256GB
rece6hTxBCOgQmspB,2025-12-30,129440.0,129440.0,481,FPD,Critical,Unknown,,Unknown,Samsung-Galaxy-S22-Ultra-256GB
recnJ4PRTAW1NYiC3,2025-12-30,129440.0,129440.0,481,FPD,Critical,Unknown,,Unknown,Samsung-Galaxy-S23-Ultra-256GB
recLhr3aNiPY1LTQr,2025-12-30,129440.0,129440.0,481,FPD,Critical,Unknown,,Unknown,Samsung-Galaxy-S23-Ultra-256GB
recsPoBt8yVAgVVoe,2025-12-30,129440.0,129440.0,483,FPD,Critical,Unknown,,Unknown,Samsung-Galaxy-S23-Ultra-256GB
recst56UFQPuhNkQY,2025-12-30,129440.0,129440.0,483,FPD,Critical,Unknown,,Unknown,Samsung-Galaxy-S22-Ultra-256GB
recu5VKC5RW4VzuZS,2025-12-30,129440.0,129440.0,481,FPD,Critical,Unknown,,Unknown,Samsung-Galaxy-S23-Ultra-256GB
recn6CWcuCEA44rYi,2025-12-30,129440.0,129440.0,481,FPD,Critical,Unknown,,Unknown,Samsung-Galaxy-S23-Ultra-256GB
recAlDzrlbkUyaZ3c,2025-12-30,129440.0,129440.0,481,FPD,Critical,Unknown,,Unknown,Samsung-Galaxy-S23-Ultra-256GB
recCd9WUCXOVvOww3,2025-12-30,129440.0,129440.0,481,FPD,Critical,Unknown,,Unknown,Samsung-Galaxy-S23-Ultra-256GB
recwYzt9dfBor98XQ,2025-12-30,129440.0,129440.0,481,FPD,Critical,Unknown,,Unknown,Samsung-Galaxy-S23-Ultra-256GB
rec11lSui5vsZmTTQ,2025-12-30,129440.0,129440.0,481,FPD,Critical,Unknown,,Unknown,Samsung-Galaxy-S23-Ultra-256GB
recngqvpHHsgLDxuX,2025-12-30,129440.0,129440.0,481,FPD,Critical,Unknown,,Unknown,Samsung-Galaxy-S23-Ultra-256GB
recy4yJdQ7Wjs33sf,2025-12-30,129379.0,129379.0,458,FPD,Critical,Unknown,,Unknown,Samsung-Galaxy-S23-Ultra-256GB
recfSv3SmWni58tVq,2025-12-30,129149.0,129149.0,498,FMD,Critical,Unknown,,Unknown,Samsung-Galaxy-S23-Ultra-256GB
recuKOLcgdPKohpCw,2025-12-30,129030.0,129030.0,496,FPD,Critical,Unknown,,Unknown,Samsung-Galaxy-S22-Ultra-256GB
rectY7rHYbAXacOhU,2025-12-30,129030.0,129030.0,495,FPD,Critical,Unknown,,Unknown,Samsung-Galaxy-S22-Ultra-256GB
recYjUJeBkS9GjMF6,2025-12-30,129030.0,129030.0,504,FPD,Critical,Unknown,,Unknown,Samsung-Galaxy-S22-Ultra-256GB
recPUR3f0yDQNAIOe,2025-12-30,129030.0,129030.0,500,FPD,Critical,Unknown,,Unknown,Samsung-Galaxy-S22-Ultra-256GB
rec9qFkoadQVeDTtd,2025-12-30,129030.0,129030.0,508,FPD,Critical,Unknown,,Unknown,Samsung-Galaxy-S22-Ultra-256GB
recxvtFlyETLVUu0J,2025-12-30,129030.0,129030.0,493,FPD,Critical,Unknown,,Unknown,Samsung-Galaxy-S22-Ultra-256GB
rechOQnMtTaT520fq,2025-12-30,128839.0,71719.0,166,Return,Critical,Unknown,,Unknown,Apple-iPhone-12-Pro-Max-256GB
recOnDR5XNFq3fvud,2025-12-30,128520.0,128520.0,469,Return,Critical,Unknown,,Unknown,Samsung-Galaxy-S23-Ultra-256GB
recsyrQI5yS8yik9n,2025-12-30,128500.0,0.0,0,Active,Low,26-35,Female,150K+,Apple-iPhone-14-Pro-Max-256GB
recEcAmucRHU3fRHB,2025-12-30,128500.0,128500.0,529,FMD,Critical,Unknown,,Unknown,Samsung-Galaxy-S22-Ultra-256GB
recDdjAqfbSnHmFHK,2025-12-30,128499.0,0.0,0,Active,Low,Unknown,Male,Unknown,Apple-iPhone-14-Pro-Max-256GB
reczt5yZX9wJnEnAg,2025-12-30,127880.0,127880.0,627,Return,Critical,Unknown,,Unknown,Apple-iPhone-13-Pro-Max-128GB
recgdRF1dJB2FfRuk,2025-12-30,127200.0,116600.0,305,FMD,Critical,26-35,Male,50K-100K,Samsung-Galaxy-S23-Ultra-256GB
reczyhpAncd16IJhG,2025-12-30,126840.0,126840.0,456,FMD,Critical,Unknown,,Unknown,Samsung-Galaxy-S23-Ultra-256GB
rec3QPTS8T4jzmKlh,2025-12-30,126609.0,126609.0,563,FPD,Critical,Unknown,,Unknown,Samsung-Galaxy-S22-Ultra-256GB
rec9iAxKBRxMNzxAY,2025-12-30,126594.0,50714.0,129,PAR 30,Critical,36-45,Male,50K-100K,Samsung-Galaxy-S23-Ultra-256GB
recEdoleCMjMHF59S,2025-12-30,126499.0,109999.0,278,PAR 30,Critical,Unknown,Male,Unknown,Apple-iPhone-14-Pro-128GB
rec8QZrdKawCmPYCa,2025-12-30,126480.0,17360.0,44,FPD,High,26-35,Female,150K+,Samsung-Galaxy-S24-Ultra-256GB
recL1BjMlz24eLgrk,2025-12-30,126480.0,4960.0,7,FPD,Medium,26-35,Male,150K+,Samsung-Galaxy-S24-Ultra-256GB
recSVDKZm3peeOcnw,2025-12-30,126480.0,12400.0,32,FPD,High,26-35,Male,50K-100K,Samsung-Galaxy-S24-Ultra-256GB
recvtk44Yyg0oItt6,2025-12-30,126480.0,59520.0,166,FPD,Critical,18-25,Male,150K+,Samsung-Galaxy-S24-Ultra-256GB
recR1tKHtZiutggfa,2025-12-30,126480.0,2480.0,6,FPD,Medium,18-25,Female,50K-100K,Samsung-Galaxy-S24-Ultra-256GB
recbm6TpL5q1DeTiv,2025-12-30,126480.0,4960.0,13,FPD,Medium,18-25,Male,50K-100K,Samsung-Galaxy-S24-Ultra-256GB
recEeVOrBjELEoHBI,2025-12-30,126480.0,14880.0,39,FPD,High,36-45,Female,50K-100K,Samsung-Galaxy-S24-Ultra-256GB
rec3q1BcnT3P6Pecp,2025-12-30,126480.0,2480.0,1,FPD,Medium,36-45,Male,100K-150K,Samsung-Galaxy-S24-Ultra-256GB
recSaQb39B3DS83hy,2025-12-30,126480.0,14880.0,38,FPD,High,36-45,Male,150K+,Samsung-Galaxy-S24-Ultra-256GB
recieEoa7WM1ubOZJ,2025-12-30,126480.0,7440.0,15,FPD,Medium,26-35,Male,50K-100K,Samsung-Galaxy-S24-Ultra-256GB
recUgbG3P0qKql6YQ,2025-12-30,126480.0,12400.0,32,FPD,High,18-25,Male,100K-150K,Samsung-Galaxy-S24-Ultra-256GB
recrosT6ugDw2UKie,2025-12-30,126480.0,0.0,0,Active,Low,36-45,Female,150K+,Samsung-Galaxy-S24-Ultra-256GB
recWSb9HAoDPg9qjX,2025-12-30,126480.0,9920.0,22,FPD,Medium,26-35,Male,150K+,Samsung-Galaxy-S24-Ultra-256GB
recbVggYfcH7DZJYz,2025-12-30,126480.0,111499.0,177,Return,Critical,26-35,Male,50K-100K,Samsung-Galaxy-S24-Ultra-256GB
recfn3JTDOy6i2vbA,2025-12-30,126480.0,0.0,0,Active,Low,Unknown,,,
receznfxeHzsjMV40,2025-12-30,126480.0,2480.0,0,Active,Low,26-35,Male,150K+,Samsung-Galaxy-S24-Ultra-256GB
recIW76f3wNsdKlZB,2025-12-30,126479.0,2479.0,4,FPD,Medium,26-35,Male,150K+,Samsung-Galaxy-S24-Ultra-256GB
recMHPko2JMeRMmHq,2025-12-30,126389.0,9839.0,22,FMD,High,Unknown,,Unknown,Apple-iPhone-14-Pro-Max-256GB
recuvn6JqIU1dQGMB,2025-12-30,126119.0,9559.0,22,FPD,Medium,Unknown,,Unknown,Samsung-Galaxy-S24-Ultra-256GB
recF9CgH5DnGkU8yD,2025-12-30,126108.0,126108.0,480,FMD,Critical,Unknown,,Unknown,Samsung-Galaxy-S22-Ultra-256GB
recJZA694lr5HoSpJ,2025-12-30,125970.0,125970.0,818,FPD,Critical,Unknown,,Unknown,Apple-iPhone-11-Pro-256GB
recMbq0BKT2x5kP4T,2025-12-30,125929.0,0.0,0,Active,Low,18-25,Male,Unknown,Apple-iPhone-14-Pro-Max-256GB
recn2LdUXbAwKWJbV,2025-12-30,125839.0,74329.0,172,PAR 30,Critical,Unknown,,Unknown,Samsung-Galaxy-S24-Ultra-256GB
recqafnueqRYFb2J7,2025-12-30,124960.0,0.0,0,Active,Low,Unknown,,Unknown,Samsung-Galaxy-S24-Ultra-512GB
recvAM5HEoSAOHs20,2025-12-30,124660.0,48780.0,124,PAR 30,Critical,26-35,Female,Below 5K,Samsung-Galaxy-S23-Ultra-256GB
recXqO5eODstI5hmR,2025-12-30,124260.0,124260.0,468,FMD,Critical,Unknown,,Unknown,Samsung-Galaxy-S23-Ultra-256GB
recZBj86YPGhhCoHn,2025-12-30,124260.0,124260.0,605,Return,Critical,Unknown,,Unknown,Apple-iPhone-12-Pro-128GB
rech9RPJ0CrrpkNdZ,2025-12-30,124230.0,69690.0,160,PAR 30,Critical,26-35,Male,150K+,Samsung-Galaxy-S24-Ultra-256GB
recYdWVcdT7zkRA7f,2025-12-30,124130.0,124130.0,598,Return,Critical,Unknown,,Unknown,Apple-iPhone-12-Pro-128GB
recJJsaWADiuLsADj,2025-12-30,124000.0,0.0,0,Active,Low,36-45,Male,100K-150K,Samsung-Galaxy-S24-Ultra-256GB
recYmrskRlbOf3r2n,2025-12-30,124000.0,0.0,0,Active,Low,36-45,Male,50K-100K,Samsung-Galaxy-S24-Ultra-256GB
recvpAPwcFww66fkw,2025-12-30,124000.0,0.0,0,Active,Low,26-35,Male,150K+,Samsung-Galaxy-S24-Ultra-256GB
recXwNtz7BevR7cCo,2025-12-30,124000.0,0.0,0,Active,Low,26-35,Male,50K-100K,Samsung-Galaxy-S24-Ultra-256GB
recMMCujifAGIHxpx,2025-12-30,124000.0,0.0,0,Active,Low,26-35,Male,150K+,Samsung-Galaxy-S24-Ultra-256GB
recuw3imAWaFkeJAT,2025-12-30,124000.0,0.0,0,Active,Low,26-35,Male,150K+,Samsung-Galaxy-S24-Ultra-256GB
rec1KsDeLMJela1i4,2025-12-30,123999.0,0.0,0,Active,Low,26-35,,Unknown,Samsung-Galaxy-S24-Ultra-256GB
recAyhHWBYVGbTPgX,2025-12-30,123980.0,37659.0,15,Return,Returned,26-35,Male,150K+,Samsung-Galaxy-S24-Ultra-256GB
recg1joKzUAoXrsIC,2025-12-30,123930.0,123930.0,473,FPD,Critical,Unknown,,Unknown,Samsung-Galaxy-S22-Ultra-256GB
recvUYLn9EJxgdYCk,2025-12-30,123930.0,123930.0,476,FPD,Critical,Unknown,,Unknown,Samsung-Galaxy-S22-Ultra-256GB
